{
  "trained_at": "2026-05-14T14:36:31.403173+00:00",
  "corpus_size": 510,
  "n_topics": 8,
  "anchor_strength": 3,
  "max_features": 5000,
  "coherence_scores": {
    "education": 3.3733101963711474,
    "evacuation": 2.806366005831046,
    "rescue": 3.236132646252467,
    "logistics": 3.5799652617968496,
    "relief": 2.306481955398486,
    "telecom_power": 3.0799226506140314,
    "health_medical": 2.1925069143425104,
    "dead_missing": 3.3933739239915672
  },
  "overall_coherence": 2.9960074443247633,
  "low_coherence_topics": [
    "relief",
    "health_medical"
  ],
  "anchor_fingerprint": "ac39146cd7cc2261cfcfea27342c133abdc3f2da4a85ebd6ec3b8846ff8e0164"
}