{
  "trained_at": "2026-06-05T11:22:13.574526+00:00",
  "corpus_size": 1028,
  "n_topics": 8,
  "anchor_strength": 3,
  "max_features": 5000,
  "coherence_scores": {
    "education": 2.37614,
    "evacuation": 28.65168,
    "rescue": 28.227811,
    "logistics": 3.442367,
    "relief": 4.164458,
    "telecom_power": 29.153564,
    "health_medical": 6.645455,
    "dead_missing": 5.498922
  },
  "overall_coherence": 13.520049679051267,
  "low_coherence_topics": [
    "education"
  ],
  "iterative_training": true,
  "best_iteration": 1,
  "total_iterations": 1,
  "anchor_fingerprint": "ac39146cd7cc2261cfcfea27342c133abdc3f2da4a85ebd6ec3b8846ff8e0164"
}