{
  "trained_at": "2026-05-14T15:31:50.738579+00:00",
  "corpus_size": 530,
  "n_topics": 8,
  "anchor_strength": 3,
  "max_features": 5000,
  "coherence_scores": {
    "education": 2.9327044977220775,
    "evacuation": 2.530641203076654,
    "rescue": 3.073391501015482,
    "logistics": 3.2566142814212764,
    "relief": 3.5050393487201577,
    "telecom_power": 3.118931239067808,
    "health_medical": 1.9583311596434112,
    "dead_missing": 3.581049217190551
  },
  "overall_coherence": 2.994587805982177,
  "low_coherence_topics": [
    "health_medical"
  ],
  "anchor_fingerprint": "ac39146cd7cc2261cfcfea27342c133abdc3f2da4a85ebd6ec3b8846ff8e0164"
}