{
  "trained_at": "2026-06-06T03:10:59.415389+00:00",
  "corpus_size": 1158,
  "n_topics": 8,
  "anchor_strength": 3,
  "max_features": 5000,
  "coherence_scores": {
    "education": 2.776062,
    "evacuation": 7.163092,
    "rescue": 22.537615,
    "logistics": 2.212007,
    "relief": 2.224782,
    "telecom_power": 45.73029,
    "health_medical": 7.38129,
    "dead_missing": 5.516937
  },
  "overall_coherence": 11.94275946094729,
  "low_coherence_topics": [
    "logistics",
    "relief"
  ],
  "iterative_training": true,
  "best_iteration": 1,
  "total_iterations": 1,
  "anchor_fingerprint": "ac39146cd7cc2261cfcfea27342c133abdc3f2da4a85ebd6ec3b8846ff8e0164"
}