{
  "cluster-a": {
    "precision": 0.8125,
    "recall": 0.7647058823529411,
    "f1-score": 0.7878787878787878,
    "support": 17.0
  },
  "cluster-b": {
    "precision": 1.0,
    "recall": 0.84,
    "f1-score": 0.9130434782608695,
    "support": 25.0
  },
  "cluster-c": {
    "precision": 0.9444444444444444,
    "recall": 0.85,
    "f1-score": 0.8947368421052632,
    "support": 20.0
  },
  "cluster-d": {
    "precision": 0.9333333333333333,
    "recall": 0.7777777777777778,
    "f1-score": 0.8484848484848485,
    "support": 18.0
  },
  "cluster-e": {
    "precision": 1.0,
    "recall": 0.9047619047619048,
    "f1-score": 0.95,
    "support": 21.0
  },
  "cluster-f": {
    "precision": 1.0,
    "recall": 0.9444444444444444,
    "f1-score": 0.9714285714285714,
    "support": 18.0
  },
  "cluster-g": {
    "precision": 1.0,
    "recall": 0.9552238805970149,
    "f1-score": 0.9770992366412213,
    "support": 67.0
  },
  "cluster-h": {
    "precision": 0.9473684210526315,
    "recall": 0.9,
    "f1-score": 0.9230769230769231,
    "support": 20.0
  },
  "micro avg": {
    "precision": 0.9682539682539683,
    "recall": 0.8883495145631068,
    "f1-score": 0.9265822784810127,
    "support": 206.0
  },
  "macro avg": {
    "precision": 0.9547057748538011,
    "recall": 0.8671142362417603,
    "f1-score": 0.9082185859845606,
    "support": 206.0
  },
  "weighted avg": {
    "precision": 0.9681978510191336,
    "recall": 0.8883495145631068,
    "f1-score": 0.9259727770267391,
    "support": 206.0
  },
  "samples avg": {
    "precision": 0.8859223300970874,
    "recall": 0.8883495145631068,
    "f1-score": 0.8867313915857604,
    "support": 206.0
  }
}