{
  "cluster-a": {
    "precision": 0.8571428571428571,
    "recall": 1.0,
    "f1-score": 0.9230769230769231,
    "support": 12.0
  },
  "cluster-b": {
    "precision": 0.9411764705882353,
    "recall": 0.8888888888888888,
    "f1-score": 0.9142857142857143,
    "support": 18.0
  },
  "cluster-c": {
    "precision": 1.0,
    "recall": 0.6666666666666666,
    "f1-score": 0.8,
    "support": 12.0
  },
  "cluster-d": {
    "precision": 1.0,
    "recall": 0.9166666666666666,
    "f1-score": 0.9565217391304348,
    "support": 12.0
  },
  "cluster-e": {
    "precision": 1.0,
    "recall": 0.9166666666666666,
    "f1-score": 0.9565217391304348,
    "support": 12.0
  },
  "cluster-f": {
    "precision": 1.0,
    "recall": 1.0,
    "f1-score": 1.0,
    "support": 12.0
  },
  "cluster-g": {
    "precision": 0.9230769230769231,
    "recall": 1.0,
    "f1-score": 0.96,
    "support": 12.0
  },
  "cluster-h": {
    "precision": 0.9166666666666666,
    "recall": 0.9166666666666666,
    "f1-score": 0.9166666666666666,
    "support": 12.0
  },
  "micro avg": {
    "precision": 0.9489795918367347,
    "recall": 0.9117647058823529,
    "f1-score": 0.93,
    "support": 102.0
  },
  "macro avg": {
    "precision": 0.9547578646843353,
    "recall": 0.9131944444444444,
    "f1-score": 0.9283840977862717,
    "support": 102.0
  },
  "weighted avg": {
    "precision": 0.9539589591492706,
    "recall": 0.9117647058823529,
    "f1-score": 0.9275547811097683,
    "support": 102.0
  },
  "samples avg": {
    "precision": 0.8921568627450981,
    "recall": 0.9117647058823529,
    "f1-score": 0.8986928104575163,
    "support": 102.0
  }
}