{
  "cluster-a": {
    "precision": 0.9090909090909091,
    "recall": 0.8333333333333334,
    "f1-score": 0.8695652173913043,
    "support": 12.0
  },
  "cluster-b": {
    "precision": 0.9444444444444444,
    "recall": 0.9444444444444444,
    "f1-score": 0.9444444444444444,
    "support": 18.0
  },
  "cluster-c": {
    "precision": 0.8888888888888888,
    "recall": 0.8888888888888888,
    "f1-score": 0.8888888888888888,
    "support": 18.0
  },
  "cluster-d": {
    "precision": 1.0,
    "recall": 0.8333333333333334,
    "f1-score": 0.9090909090909091,
    "support": 12.0
  },
  "cluster-e": {
    "precision": 1.0,
    "recall": 0.8333333333333334,
    "f1-score": 0.9090909090909091,
    "support": 12.0
  },
  "cluster-f": {
    "precision": 1.0,
    "recall": 0.8333333333333334,
    "f1-score": 0.9090909090909091,
    "support": 12.0
  },
  "cluster-g": {
    "precision": 1.0,
    "recall": 1.0,
    "f1-score": 1.0,
    "support": 12.0
  },
  "cluster-h": {
    "precision": 0.9230769230769231,
    "recall": 1.0,
    "f1-score": 0.96,
    "support": 12.0
  },
  "micro avg": {
    "precision": 0.9509803921568627,
    "recall": 0.8981481481481481,
    "f1-score": 0.9238095238095239,
    "support": 108.0
  },
  "macro avg": {
    "precision": 0.9581876456876457,
    "recall": 0.8958333333333334,
    "f1-score": 0.9237714097496706,
    "support": 108.0
  },
  "weighted avg": {
    "precision": 0.9535742035742035,
    "recall": 0.8981481481481481,
    "f1-score": 0.9229819938515591,
    "support": 108.0
  },
  "samples avg": {
    "precision": 0.8796296296296297,
    "recall": 0.8981481481481481,
    "f1-score": 0.8858024691358025,
    "support": 108.0
  }
}