{
  "cluster-a": {
    "precision": 0.8888888888888888,
    "recall": 0.8,
    "f1-score": 0.8421052631578947,
    "support": 20.0
  },
  "cluster-b": {
    "precision": 0.9459459459459459,
    "recall": 0.9459459459459459,
    "f1-score": 0.9459459459459459,
    "support": 37.0
  },
  "cluster-c": {
    "precision": 0.8181818181818182,
    "recall": 0.9,
    "f1-score": 0.8571428571428571,
    "support": 20.0
  },
  "cluster-d": {
    "precision": 0.9285714285714286,
    "recall": 0.7222222222222222,
    "f1-score": 0.8125,
    "support": 18.0
  },
  "cluster-e": {
    "precision": 1.0,
    "recall": 0.96,
    "f1-score": 0.9795918367346939,
    "support": 25.0
  },
  "cluster-f": {
    "precision": 1.0,
    "recall": 0.9444444444444444,
    "f1-score": 0.9714285714285714,
    "support": 18.0
  },
  "cluster-g": {
    "precision": 0.9863013698630136,
    "recall": 0.972972972972973,
    "f1-score": 0.9795918367346939,
    "support": 74.0
  },
  "cluster-h": {
    "precision": 1.0,
    "recall": 0.95,
    "f1-score": 0.9743589743589743,
    "support": 20.0
  },
  "micro avg": {
    "precision": 0.9553571428571429,
    "recall": 0.9224137931034483,
    "f1-score": 0.9385964912280702,
    "support": 232.0
  },
  "macro avg": {
    "precision": 0.9459861814313869,
    "recall": 0.8994481981981982,
    "f1-score": 0.9203331606879539,
    "support": 232.0
  },
  "weighted avg": {
    "precision": 0.9562155225239779,
    "recall": 0.9224137931034483,
    "f1-score": 0.9377691724812219,
    "support": 232.0
  },
  "samples avg": {
    "precision": 0.9116379310344828,
    "recall": 0.9224137931034483,
    "f1-score": 0.9152298850574712,
    "support": 232.0
  }
}